filename,label,logit,prediction,positive_prob,correct
MHIST_aag.png,0,0.61987597,1,0.65019035,0
MHIST_aah.png,0,3.9553072,1,0.9812072,0
MHIST_aaq.png,1,-1.5116149,0,0.18069959,0
MHIST_aar.png,0,-1.1137064,0,0.24718055,1
MHIST_aay.png,0,-0.9421734,0,0.28046155,1
MHIST_abs.png,0,0.38379344,1,0.5947877,0
MHIST_abx.png,0,-5.660139,0,0.0034699498,1
MHIST_acb.png,0,-0.8267178,0,0.30433953,1
MHIST_acg.png,0,1.574298,1,0.8283954,0
MHIST_aco.png,0,0.124213435,1,0.5310135,0
MHIST_acq.png,0,0.13623726,1,0.5340067,0
MHIST_acw.png,0,1.5615748,1,0.8265792,0
MHIST_acy.png,0,-4.7669864,0,0.008434233,1
MHIST_adc.png,1,4.717363,1,0.99114054,1
MHIST_add.png,0,1.6266172,1,0.8357057,0
MHIST_adj.png,0,-4.3104534,0,0.013249552,1
MHIST_ado.png,0,-1.46681,0,0.18742795,1
MHIST_ady.png,1,0.751673,1,0.67954314,1
MHIST_aeb.png,0,-4.4380527,0,0.011680876,1
MHIST_aec.png,0,-0.4161857,0,0.3974298,1
MHIST_aee.png,0,-2.289928,0,0.091960564,1
MHIST_aej.png,0,-4.3207564,0,0.013115524,1
MHIST_aek.png,0,-0.5555822,0,0.3645703,1
MHIST_aep.png,0,-1.5238805,0,0.17889081,1
MHIST_aeq.png,0,-6.7602353,0,0.0011576149,1
MHIST_aes.png,0,-1.397839,0,0.19815925,1
MHIST_aez.png,0,-3.278189,0,0.036327064,1
MHIST_afc.png,0,0.39648452,1,0.59784275,0
MHIST_afg.png,0,0.3036946,1,0.57534546,0
MHIST_afm.png,0,2.720023,1,0.93819785,0
MHIST_afn.png,0,-1.3791265,0,0.2011493,1
MHIST_afo.png,0,3.4910605,1,0.9704323,0
MHIST_afs.png,0,-5.4863057,0,0.004126027,1
MHIST_agh.png,0,-3.2708619,0,0.036584437,1
MHIST_agk.png,0,-4.3803306,0,0.012366376,1
MHIST_agy.png,0,0.6979434,1,0.66773164,0
MHIST_aha.png,1,1.4535986,1,0.81055164,1
MHIST_ahb.png,1,3.2620451,1,0.9631036,1
MHIST_ahd.png,0,-0.7988812,0,0.31026492,1
MHIST_aho.png,0,2.2952325,1,0.9084815,0
MHIST_ahw.png,0,-1.4390663,0,0.19168998,1
MHIST_aie.png,0,-3.8903828,0,0.020028196,1
MHIST_aif.png,0,-3.435755,0,0.031196525,1
MHIST_aim.png,0,-6.655107,0,0.001285775,1
MHIST_ain.png,1,3.558359,1,0.9723034,1
MHIST_ajd.png,1,1.699299,1,0.8454432,1
MHIST_ajo.png,0,1.1927156,1,0.7672264,0
MHIST_ajp.png,0,-3.536858,0,0.028281504,1
MHIST_aju.png,0,-0.013612293,0,0.496597,1
MHIST_ajy.png,0,2.9621782,1,0.9508359,0
MHIST_ajz.png,0,0.630403,1,0.6525808,0
MHIST_akc.png,0,1.1261839,1,0.755134,0
MHIST_akp.png,0,0.43341038,1,0.6066877,0
MHIST_akv.png,1,4.772134,1,0.9916087,1
MHIST_alc.png,0,-6.0187764,0,0.002426741,1
MHIST_alg.png,0,-1.172953,0,0.23632164,1
MHIST_ali.png,0,0.6861267,1,0.66510475,0
MHIST_alo.png,0,-1.7646451,0,0.14620952,1
MHIST_alr.png,0,0.84570724,1,0.69966584,0
MHIST_als.png,0,-0.30565438,0,0.42417583,1
MHIST_alt.png,0,-0.87574714,0,0.29405984,1
MHIST_alv.png,0,-4.3887534,0,0.012263927,1
MHIST_ame.png,0,-2.023412,0,0.11676664,1
MHIST_ami.png,0,0.97110087,1,0.7253389,0
MHIST_amm.png,1,-0.9732029,0,0.27424258,0
MHIST_amo.png,0,-1.7994442,0,0.14191875,1
MHIST_amq.png,0,-1.6267982,0,0.16426946,1
MHIST_amw.png,0,-10.543718,0,2.6357844e-05,1
MHIST_amz.png,0,-4.8550267,0,0.0077289236,1
MHIST_ana.png,0,-3.26532,0,0.036780264,1
MHIST_and.png,0,-3.337618,0,0.034302972,1
MHIST_ane.png,0,0.5870216,1,0.6426815,0
MHIST_ank.png,0,2.488508,1,0.9233322,0
MHIST_anr.png,0,0.94811684,1,0.7207363,0
MHIST_ant.png,0,0.8936891,1,0.7096509,0
MHIST_aod.png,0,-3.2090828,0,0.038825344,1
MHIST_aol.png,0,0.7573425,1,0.6807765,0
MHIST_aop.png,0,-7.451607,0,0.00058017106,1
MHIST_aow.png,1,5.495312,1,0.9959109,1
MHIST_apa.png,0,-4.973659,0,0.006870262,1
MHIST_apk.png,0,0.0038106218,1,0.50095266,0
MHIST_aps.png,0,0.63633573,1,0.6539247,0
MHIST_aqh.png,1,3.8847492,1,0.9798609,1
MHIST_aqj.png,0,0.06519044,1,0.51629186,0
MHIST_aqm.png,0,1.3153442,1,0.7884061,0
MHIST_aqy.png,0,0.668658,1,0.6612026,0
MHIST_arq.png,0,-7.3556767,0,0.00063854695,1
MHIST_asa.png,0,-1.9154234,0,0.12837279,1
MHIST_asc.png,1,4.0501585,1,0.9828787,1
MHIST_ase.png,0,3.4462574,1,0.96911937,0
MHIST_asg.png,0,-2.340216,0,0.087846614,1
MHIST_asi.png,0,-2.0688975,0,0.112156786,1
MHIST_aso.png,0,-4.198426,0,0.014796963,1
MHIST_asu.png,0,0.5543036,1,0.6351335,0
MHIST_asw.png,0,-2.4787047,0,0.077364616,1
MHIST_atb.png,0,-2.1728852,0,0.10221197,1
MHIST_atd.png,0,-0.31976998,0,0.4207318,1
MHIST_ath.png,0,-1.1093405,0,0.24799384,1
MHIST_atq.png,0,-0.28726915,0,0.42867258,1
MHIST_atu.png,0,-4.6862288,0,0.00913714,1
MHIST_aty.png,0,0.2005207,1,0.5499629,0
MHIST_aua.png,1,3.076317,1,0.9559052,1
MHIST_aub.png,0,0.76503927,1,0.68244684,0
MHIST_auc.png,0,-1.3863497,0,0.19999114,1
MHIST_aug.png,0,0.5062279,1,0.6239218,0
MHIST_auk.png,0,0.19181776,1,0.54780793,0
MHIST_aus.png,0,-0.603972,0,0.3534355,1
MHIST_aut.png,0,0.94644296,1,0.72039926,0
MHIST_auy.png,0,3.3601778,1,0.9664365,0
MHIST_avd.png,0,0.5162595,1,0.6262727,0
MHIST_ave.png,1,7.516675,1,0.99945635,1
MHIST_avf.png,0,-5.910994,0,0.0027021708,1
MHIST_avg.png,0,0.3959677,1,0.5977185,0
MHIST_avw.png,0,2.7198718,1,0.93818915,0
MHIST_avx.png,0,-2.8999588,0,0.0521556,1
MHIST_avz.png,0,0.19235054,1,0.5479399,0
MHIST_awh.png,0,-2.860864,0,0.054122455,1
MHIST_awk.png,1,5.393244,1,0.9954733,1
MHIST_awm.png,0,-3.2981737,0,0.0356339,1
MHIST_awu.png,0,2.168204,1,0.89735764,0
MHIST_awz.png,0,0.4953669,1,0.6213699,0
MHIST_axc.png,0,-5.9646463,0,0.002561375,1
MHIST_axj.png,1,2.5633163,1,0.92846304,1
MHIST_axm.png,0,-3.035549,0,0.045845486,1
MHIST_ayf.png,0,0.5807584,1,0.6412419,0
MHIST_ayh.png,0,-0.8296452,0,0.30372012,1
MHIST_ayy.png,0,-1.0576566,0,0.25775754,1
MHIST_ayz.png,0,-2.935736,0,0.050415013,1
MHIST_azf.png,0,0.10442308,1,0.5260821,0
MHIST_azx.png,0,-4.978015,0,0.0068406053,1
MHIST_azz.png,0,0.93344337,1,0.7177734,0
MHIST_baf.png,1,3.5132892,1,0.97106355,1
MHIST_bag.png,0,-9.821133,0,5.428911e-05,1
MHIST_ban.png,0,-0.6326553,0,0.34690872,1
MHIST_bap.png,0,0.05849085,1,0.5146185,0
MHIST_bas.png,1,1.889105,1,0.8686534,1
MHIST_baw.png,0,-7.907389,0,0.00036787876,1
MHIST_baz.png,0,0.46704623,1,0.6146844,0
MHIST_bbf.png,0,-4.0996423,0,0.016308239,1
MHIST_bbn.png,0,-1.6102804,0,0.16654968,1
MHIST_bbr.png,0,-1.8922398,0,0.1309893,1
MHIST_bcd.png,0,-2.9909008,0,0.04783864,1
MHIST_bcr.png,0,3.5962074,1,0.9733046,0
MHIST_bcv.png,0,-2.2767935,0,0.09306323,1
MHIST_bcz.png,0,-0.87866306,0,0.29345492,1
MHIST_bda.png,0,-3.0146327,0,0.04676918,1
MHIST_bdb.png,0,0.11315269,1,0.528258,0
MHIST_bdc.png,0,-2.4885595,0,0.07666411,1
MHIST_bdd.png,0,-2.4375737,0,0.08035202,1
MHIST_bdh.png,0,-3.9093368,0,0.019659549,1
MHIST_bdl.png,0,0.2946041,1,0.5731229,0
MHIST_bdo.png,0,-6.7477593,0,0.0011721307,1
MHIST_bdt.png,0,0.8198574,1,0.6942061,0
MHIST_bea.png,0,-8.416036,0,0.00022124124,1
MHIST_beh.png,0,-1.5934885,0,0.16889367,1
MHIST_bej.png,0,-0.22941855,0,0.44289562,1
MHIST_bel.png,0,-1.9542758,0,0.12408787,1
MHIST_bem.png,0,-3.4679563,0,0.030237855,1
MHIST_ben.png,0,-5.4383745,0,0.004327732,1
MHIST_bex.png,1,3.8327324,1,0.9788084,1
MHIST_bez.png,0,4.0462656,1,0.98281306,0
MHIST_bfb.png,0,-2.316378,0,0.08977559,1
MHIST_bfc.png,0,-3.407368,0,0.032065988,1
MHIST_bfd.png,0,-0.49472108,0,0.378782,1
MHIST_bfi.png,0,-0.48515257,0,0.3810362,1
MHIST_bfj.png,0,2.9948134,1,0.95233923,0
MHIST_bfx.png,1,-4.5417037,0,0.010542901,0
MHIST_bfy.png,0,-5.2471547,0,0.005234922,1
MHIST_bfz.png,0,-1.4003158,0,0.19776602,1
MHIST_bga.png,0,-6.323411,0,0.0017906022,1
MHIST_bge.png,0,-4.513762,0,0.010838404,1
MHIST_bgi.png,0,-6.9655204,0,0.0009429816,1
MHIST_bgj.png,0,-0.44401088,0,0.3907857,1
MHIST_bgy.png,0,1.6093463,1,0.8333206,0
MHIST_bgz.png,0,-2.2885613,0,0.092074744,1
MHIST_bhn.png,1,1.5141022,1,0.81966835,1
MHIST_bhu.png,0,2.8383677,1,0.94471425,0
MHIST_bhx.png,0,-0.70285916,0,0.33117864,1
MHIST_bif.png,0,-1.8545519,0,0.13533933,1
MHIST_bij.png,0,-3.4945104,0,0.029468833,1
MHIST_bil.png,0,-5.107908,0,0.006012358,1
MHIST_bim.png,0,-1.3836381,0,0.20042534,1
MHIST_bin.png,1,2.0271058,1,0.8836138,1
MHIST_biu.png,0,2.2014163,1,0.9003766,0
MHIST_bix.png,0,-0.71173453,0,0.32921568,1
MHIST_biy.png,0,-0.022012316,0,0.49449715,1
MHIST_biz.png,0,-0.9314892,0,0.28262267,1
MHIST_bje.png,0,-5.5249705,0,0.003970161,1
MHIST_bjh.png,0,-5.927576,0,0.002657851,1
MHIST_bjm.png,0,-2.0302222,0,0.11606613,1
MHIST_bjt.png,0,-2.3474731,0,0.08726683,1
MHIST_bka.png,0,-5.593765,0,0.0037071982,1
MHIST_bke.png,0,-0.2652574,0,0.43407178,1
MHIST_bkh.png,0,-1.3246374,0,0.2100478,1
MHIST_bko.png,0,-4.259522,0,0.013932207,1
MHIST_bkp.png,0,-3.4144266,0,0.03184763,1
MHIST_bkt.png,0,-3.4184558,0,0.031723626,1
MHIST_bku.png,0,-1.6740748,0,0.15788166,1
MHIST_bld.png,0,1.1064671,1,0.7514699,0
MHIST_blg.png,1,0.48878112,1,0.6198193,1
MHIST_blj.png,0,0.77926093,1,0.6855208,0
MHIST_blm.png,0,-9.014575,0,0.00012160935,1
MHIST_bln.png,0,-3.5654397,0,0.027506536,1
MHIST_blo.png,0,-6.5753884,0,0.0013923229,1
MHIST_blv.png,0,-1.7563391,0,0.14724945,1
MHIST_bly.png,0,-1.1433377,0,0.2417081,1
MHIST_bmc.png,0,-1.3637726,0,0.20362782,1
MHIST_bmd.png,1,0.5880427,1,0.6429159,1
MHIST_bmg.png,0,-4.4094005,0,0.0120163215,1
MHIST_bmh.png,0,2.1627343,1,0.89685273,0
MHIST_bmt.png,0,-5.2808986,0,0.0050621014,1
MHIST_bmv.png,0,-1.0939413,0,0.2508768,1
MHIST_bmw.png,0,-8.953317,0,0.00012929084,1
MHIST_bmy.png,1,3.689592,1,0.9756267,1
MHIST_bnb.png,0,-5.3387594,0,0.004778877,1
MHIST_bne.png,0,-6.8934727,0,0.0010133572,1
MHIST_bnl.png,0,-2.0051403,0,0.11866429,1
MHIST_bnm.png,0,-5.251176,0,0.0052140234,1
MHIST_bnn.png,0,-1.6855735,0,0.15635887,1
MHIST_bnq.png,0,-0.52353716,0,0.3720255,1
MHIST_bnv.png,0,-2.2781537,0,0.09294849,1
MHIST_bnw.png,0,1.7934992,1,0.8573558,0
MHIST_bod.png,0,1.8520888,1,0.86437213,0
MHIST_boe.png,1,-2.2823956,0,0.09259148,0
MHIST_bof.png,0,-1.5823454,0,0.17046358,1
MHIST_boz.png,0,-7.869492,0,0.00038208242,1
MHIST_bpa.png,0,-1.2359388,0,0.22514369,1
MHIST_bpd.png,0,-0.61288095,0,0.35140228,1
MHIST_bpg.png,0,1.3368945,1,0.79197884,0
MHIST_bph.png,0,1.3507545,1,0.79425293,0
MHIST_bpn.png,0,-10.6406145,0,2.392376e-05,1
MHIST_bpo.png,0,0.6209478,1,0.6504341,0
MHIST_bps.png,1,-0.023664795,0,0.4940841,0
MHIST_bpu.png,0,-3.3063085,0,0.035355404,1
MHIST_bpx.png,0,1.738194,1,0.85045755,0
MHIST_bqb.png,0,-0.014485918,0,0.49637863,1
MHIST_bqi.png,1,1.7712945,1,0.8546186,1
MHIST_bqs.png,0,-0.14130917,0,0.4647314,1
MHIST_bqv.png,1,4.052327,1,0.98291504,1
MHIST_bre.png,0,-5.8210597,0,0.0029556998,1
MHIST_bro.png,0,1.4658626,1,0.81242776,0
MHIST_brp.png,0,-0.79768723,0,0.31052044,1
MHIST_brs.png,0,1.3483524,1,0.79386014,0
MHIST_brt.png,0,1.4152126,1,0.8045868,0
MHIST_bru.png,0,-2.9243164,0,0.050964523,1
MHIST_brv.png,0,3.27408,1,0.9635288,0
MHIST_brx.png,0,-1.0277376,0,0.26352292,1
MHIST_bsa.png,0,-1.2452264,0,0.22352757,1
MHIST_bsc.png,0,-1.8498838,0,0.13588654,1
MHIST_bsd.png,0,-1.2617112,0,0.22067943,1
MHIST_bsf.png,0,-2.8607602,0,0.054127768,1
MHIST_bsh.png,0,-1.5329871,0,0.17755707,1
MHIST_bsr.png,0,-7.6712985,0,0.00046579525,1
MHIST_bss.png,0,1.069746,1,0.7445486,0
MHIST_bsu.png,0,-1.9475636,0,0.12481926,1
MHIST_bsz.png,0,0.42597148,1,0.60491127,0
MHIST_btf.png,0,-0.579312,0,0.35909092,1
MHIST_bth.png,0,-1.5176783,0,0.17980365,1
MHIST_btk.png,0,-5.748091,0,0.0031787253,1
MHIST_btl.png,0,-0.6450257,0,0.34411138,1
MHIST_btm.png,0,-5.967541,0,0.0025539899,1
MHIST_btz.png,0,1.1044701,1,0.7510967,0
MHIST_bud.png,0,-1.388408,0,0.19966203,1
MHIST_bue.png,0,-8.307637,0,0.0002465653,1
MHIST_buh.png,0,3.6832156,1,0.97547466,0
MHIST_buj.png,0,0.36159047,1,0.5894254,0
MHIST_bux.png,0,0.52719045,1,0.62882763,0
MHIST_bva.png,0,-0.96342546,0,0.27619287,1
MHIST_bvb.png,1,3.418725,1,0.9682846,1
MHIST_bvc.png,0,-2.126458,0,0.10655172,1
MHIST_bvj.png,0,-4.468983,0,0.011329141,1
MHIST_bvk.png,0,-1.716557,0,0.15231518,1
MHIST_bvl.png,0,-2.4344478,0,0.08058333,1
MHIST_bvv.png,0,-8.8640785,0,0.00014135728,1
MHIST_bvz.png,1,5.3438153,1,0.99524516,1
MHIST_bwg.png,0,-0.103117295,0,0.47424346,1
MHIST_bwh.png,0,0.8133442,1,0.6928217,0
MHIST_bwt.png,0,-0.75263065,0,0.32024837,1
MHIST_bww.png,0,-8.58686,0,0.00018650615,1
MHIST_bwz.png,0,-3.0273888,0,0.046203762,1
MHIST_bxg.png,0,-2.6629536,0,0.0651951,1
MHIST_bxk.png,0,-0.5461794,0,0.36675128,1
MHIST_bxo.png,0,-1.936215,0,0.12606426,1
MHIST_bxu.png,0,0.10888765,1,0.52719504,0
MHIST_bxv.png,0,0.52876455,1,0.6291949,0
MHIST_bxx.png,0,0.428568,1,0.60553163,0
MHIST_bxy.png,0,-1.8333739,0,0.13783683,1
MHIST_bya.png,1,1.8282745,1,0.86155605,1
MHIST_byf.png,0,-1.6654012,0,0.15903828,1
MHIST_byg.png,0,-2.1872995,0,0.10089681,1
MHIST_byi.png,0,0.8778434,1,0.7063751,0
MHIST_byk.png,0,3.1213157,1,0.9577635,0
MHIST_byl.png,0,-0.7751537,0,0.3153653,1
MHIST_byq.png,1,2.6085315,1,0.93140864,1
MHIST_bza.png,0,-1.7754949,0,0.14486031,1
MHIST_bzh.png,1,0.89413863,1,0.7097435,1
MHIST_bzi.png,0,-2.9976861,0,0.04753051,1
MHIST_bzl.png,0,2.7274086,1,0.9386247,0
MHIST_bzm.png,1,0.918668,1,0.7147706,1
MHIST_bzr.png,0,0.47579792,1,0.61675507,0
MHIST_bzs.png,0,-2.1028996,0,0.10881532,1
MHIST_bzu.png,0,1.4387436,1,0.80826,0
MHIST_caa.png,0,-1.4346964,0,0.19236799,1
MHIST_cad.png,0,0.4523101,1,0.61118835,0
MHIST_caf.png,0,-1.3350543,0,0.20832455,1
MHIST_cai.png,1,3.8553827,1,0.9792732,1
MHIST_cao.png,0,-8.452674,0,0.00021328373,1
MHIST_cat.png,0,-4.3598332,0,0.012619239,1
MHIST_cau.png,1,2.9424298,1,0.94990444,1
MHIST_cax.png,0,1.0509871,1,0.7409644,0
MHIST_cbj.png,1,2.992697,1,0.95224315,1
MHIST_cbq.png,0,-1.3569411,0,0.2047379,1
MHIST_ccn.png,0,-0.835807,0,0.30241862,1
MHIST_cco.png,0,-1.5592455,0,0.17375495,1
MHIST_cct.png,0,-4.540959,0,0.010550674,1
MHIST_cde.png,1,-1.8660669,0,0.13399747,0
MHIST_cdk.png,0,0.16417044,1,0.54095066,0
MHIST_cdn.png,1,4.30656,1,0.98669946,1
MHIST_cdo.png,0,0.51552933,1,0.6261018,0
MHIST_cdp.png,0,-2.8663547,0,0.053842053,1
MHIST_cdr.png,0,-5.517799,0,0.0039986214,1
MHIST_cdu.png,0,-1.7096779,0,0.1532055,1
MHIST_cdw.png,0,-8.107143,0,0.00030128777,1
MHIST_ceb.png,0,-3.5151007,0,0.028885612,1
MHIST_cek.png,1,-2.2589722,0,0.094578356,0
MHIST_cem.png,1,-1.7969487,0,0.14222291,0
MHIST_ceo.png,0,-0.09587713,0,0.47604907,1
MHIST_cew.png,0,-6.378115,0,0.0016954417,1
MHIST_cfn.png,0,-1.7421684,0,0.14903773,1
MHIST_cfq.png,0,2.5490587,1,0.92751026,0
MHIST_cfu.png,0,0.83553344,1,0.69752365,0
MHIST_cgd.png,0,-1.838666,0,0.13720915,1
MHIST_cgi.png,0,-3.0402324,0,0.045641046,1
MHIST_cha.png,1,-1.3612572,0,0.20403606,0
MHIST_chd.png,0,1.069845,1,0.74456745,0
MHIST_chg.png,0,2.577531,1,0.9294014,0
MHIST_chl.png,0,-3.2844124,0,0.036109824,1
MHIST_cht.png,0,0.9586043,1,0.7228423,0
MHIST_cia.png,1,1.1130457,1,0.75269645,1
MHIST_cid.png,0,0.76614964,1,0.6826874,0
MHIST_cie.png,0,-3.4858167,0,0.029718492,1
MHIST_cim.png,0,-4.9757094,0,0.006856286,1
MHIST_cio.png,0,0.7582241,1,0.68096805,0
MHIST_ciu.png,0,-3.7068894,0,0.023965344,1
MHIST_ciw.png,0,-3.2455823,0,0.037485957,1
MHIST_cji.png,0,-3.3615937,0,0.033517558,1
MHIST_cjk.png,0,-3.510656,0,0.02901055,1
MHIST_cjl.png,1,-2.5239866,0,0.07419365,0
MHIST_cjn.png,0,-2.2431433,0,0.09594255,1
MHIST_cjr.png,0,-0.89692897,0,0.289682,1
MHIST_cjs.png,0,-5.698216,0,0.003340742,1
MHIST_cjt.png,0,-2.385935,0,0.08425152,1
MHIST_ckf.png,1,-0.7110124,0,0.32937518,0
MHIST_ckh.png,0,-2.0487132,0,0.11418247,1
MHIST_cki.png,0,-5.0951757,0,0.0060889274,1
MHIST_ckl.png,0,-2.3937044,0,0.08365402,1
MHIST_cku.png,0,0.76704985,1,0.6828824,0
MHIST_ckx.png,0,1.085413,1,0.747517,0
MHIST_cld.png,0,-3.5096617,0,0.029038573,1
MHIST_clf.png,1,-1.109962,0,0.247878,0
MHIST_clg.png,1,0.38786024,1,0.5957675,1
MHIST_clh.png,0,0.981743,1,0.72745395,0
MHIST_cll.png,0,-2.6937532,0,0.06334297,1
MHIST_clo.png,1,0.9101584,1,0.7130326,1
MHIST_clt.png,1,3.5410082,1,0.97183233,1
MHIST_clx.png,0,0.714965,1,0.67149734,0
MHIST_clz.png,0,-7.224425,0,0.000728041,1
MHIST_cmc.png,0,-4.10195,0,0.016271254,1
MHIST_cmd.png,0,-4.2596593,0,0.013930321,1
MHIST_cmg.png,1,0.8437534,1,0.69925517,1
MHIST_cmi.png,0,-5.185363,0,0.005566743,1
MHIST_cmn.png,0,-0.2727444,0,0.4322335,1
MHIST_cmo.png,0,3.1097977,1,0.95729506,0
MHIST_cmt.png,1,1.2970308,1,0.7853349,1
MHIST_cmw.png,0,0.1403442,1,0.5350286,0
MHIST_cmy.png,0,-6.7604814,0,0.0011573303,1
MHIST_cng.png,0,-3.5223172,0,0.028683865,1
MHIST_cnh.png,1,1.529777,1,0.8219737,1
MHIST_cni.png,1,7.8549657,1,0.9996124,1
MHIST_cnk.png,0,-3.7090013,0,0.023915995,1
MHIST_cnm.png,0,0.17975134,1,0.5448172,0
MHIST_cnn.png,0,-0.23712048,0,0.44099608,1
MHIST_cnp.png,0,-2.1578553,0,0.10359946,1
MHIST_cnt.png,1,0.18872702,1,0.54704225,1
MHIST_cnx.png,0,2.3663971,1,0.91422874,0
MHIST_coh.png,0,-5.413386,0,0.0044367528,1
MHIST_cok.png,0,0.55242914,1,0.634699,0
MHIST_coq.png,0,-1.2854424,0,0.21662524,1
MHIST_cov.png,0,-1.6147265,0,0.16593343,1
MHIST_coy.png,0,0.90578526,1,0.71213686,0
MHIST_cpe.png,0,-3.5827923,0,0.027046144,1
MHIST_cpi.png,0,1.9987411,1,0.8806648,0
MHIST_cpk.png,1,2.1337826,1,0.8941435,1
MHIST_cpm.png,1,0.02864442,1,0.5071606,1
MHIST_cpq.png,0,-0.89176065,0,0.29074663,1
MHIST_cpz.png,1,4.106027,1,0.9837939,1
MHIST_cqa.png,0,-2.2951834,0,0.09152266,1
MHIST_cqb.png,0,-3.198892,0,0.03920744,1
MHIST_cqi.png,0,0.9427817,1,0.71966124,0
MHIST_cqj.png,0,0.6839964,1,0.66463006,0
MHIST_cqs.png,1,-0.24533564,0,0.4389719,0
MHIST_cqt.png,0,-5.707967,0,0.0033084329,1
MHIST_cqv.png,0,-2.3022907,0,0.09093343,1
MHIST_cqw.png,1,-1.4461951,0,0.19058785,0
MHIST_cqz.png,0,-0.71947235,0,0.3275092,1
MHIST_cra.png,0,-8.199078,0,0.0002748315,1
MHIST_crd.png,0,2.8307414,1,0.9443146,0
MHIST_crh.png,0,-1.5086915,0,0.18113278,1
MHIST_crl.png,1,3.1973264,1,0.9607335,1
MHIST_crt.png,0,-1.2614202,0,0.22072951,1
MHIST_cru.png,0,-4.181745,0,0.015042114,1
MHIST_crw.png,0,4.674829,1,0.990759,0
MHIST_crx.png,0,1.4593793,1,0.81143767,0
MHIST_csa.png,0,1.4674892,1,0.8126754,0
MHIST_csb.png,0,-2.9645112,0,0.04905514,1
MHIST_csi.png,0,-2.735933,0,0.06088603,1
MHIST_csk.png,0,-7.7345195,0,0.00043727123,1
MHIST_csq.png,0,-5.514979,0,0.0040098685,1
MHIST_ctb.png,1,2.4617426,1,0.921416,1
MHIST_cte.png,0,-6.7652054,0,0.0011518822,1
MHIST_ctg.png,0,1.607444,1,0.8330562,0
MHIST_ctk.png,0,1.8335226,1,0.8621808,0
MHIST_cto.png,0,-5.3259497,0,0.004840188,1
MHIST_ctr.png,0,-7.704334,0,0.00045066574,1
MHIST_cts.png,0,0.5690163,1,0.63853616,0
MHIST_ctt.png,0,1.7376902,1,0.8503934,0
MHIST_ctw.png,0,0.59256303,1,0.64395297,0
MHIST_ctx.png,0,3.8364184,1,0.9788848,0
MHIST_cub.png,0,-0.8492269,0,0.29959506,1
MHIST_cus.png,1,0.07799787,1,0.5194896,1
MHIST_cuy.png,0,-1.720974,0,0.15174575,1
MHIST_cvb.png,0,0.25856546,1,0.56428367,0
MHIST_cvd.png,0,-4.8017197,0,0.008148661,1
MHIST_cve.png,0,1.6803515,1,0.84295106,0
MHIST_cvn.png,0,-2.9283915,0,0.050767783,1
MHIST_cvw.png,0,-3.7791533,0,0.022331916,1
MHIST_cvz.png,0,-0.6752682,0,0.33731818,1
MHIST_cwb.png,0,-1.7008122,0,0.1543592,1
MHIST_cwf.png,0,-3.628836,0,0.025860548,1
MHIST_cwk.png,0,0.78866273,1,0.6875441,0
MHIST_cww.png,0,-2.3178155,0,0.08965819,1
MHIST_cxa.png,0,3.743813,1,0.9768833,0
MHIST_cxd.png,0,-2.299638,0,0.09115294,1
MHIST_cxe.png,0,-1.8304329,0,0.13818672,1
MHIST_cxj.png,0,2.486089,1,0.9231608,0
MHIST_cxq.png,0,-1.8613522,0,0.13454552,1
MHIST_cxr.png,0,0.2882553,1,0.57156897,0
MHIST_cxu.png,0,-2.777572,0,0.058548253,1
MHIST_cyb.png,0,-5.6343746,0,0.0035601906,1
MHIST_cyf.png,0,-1.2585311,0,0.22122687,1
MHIST_cyj.png,0,2.3746758,1,0.91487575,0
MHIST_cyl.png,0,-1.2892275,0,0.2159836,1
MHIST_cyv.png,0,-6.334478,0,0.00177093,1
MHIST_czc.png,0,-1.4159455,0,0.19529797,1
MHIST_czu.png,0,-1.7932655,0,0.14267285,1
MHIST_dad.png,1,3.8693097,1,0.97955394,1
MHIST_dah.png,0,-6.195049,0,0.0020353526,1
MHIST_dak.png,0,-0.011379026,0,0.49715525,1
MHIST_dal.png,0,-1.2518752,0,0.22237572,1
MHIST_dan.png,0,-5.466598,0,0.0042078025,1
MHIST_daq.png,0,-3.401923,0,0.03223542,1
MHIST_dar.png,0,3.991141,1,0.98185664,0
MHIST_dba.png,0,-1.8028233,0,0.14150773,1
MHIST_dbb.png,0,-2.673598,0,0.064549364,1
MHIST_dbe.png,0,3.3662412,1,0.9666326,0
MHIST_dbh.png,0,-5.01521,0,0.006592488,1
MHIST_dbl.png,0,-2.3976667,0,0.08335079,1
MHIST_dbr.png,0,-1.7393782,0,0.14939195,1
MHIST_dbu.png,0,-0.5787168,0,0.3592279,1
MHIST_dca.png,0,-0.23143712,0,0.4423976,1
MHIST_dcf.png,0,-4.2802386,0,0.013650445,1
MHIST_dcv.png,1,-1.1916604,0,0.23296212,0
MHIST_ddd.png,0,-1.2556295,0,0.22172716,1
MHIST_ddf.png,0,-0.18016806,0,0.4550794,1
MHIST_ddi.png,0,-0.8714989,0,0.2949425,1
MHIST_ddk.png,0,0.3202903,1,0.579395,0
MHIST_ddn.png,0,-1.7967452,0,0.14224775,1
MHIST_ddo.png,0,-5.696936,0,0.003345006,1
MHIST_ddr.png,0,-3.0231888,0,0.046389204,1
MHIST_dec.png,0,-1.3137515,0,0.21185978,1
MHIST_def.png,0,-2.6640232,0,0.065129936,1
MHIST_dej.png,0,1.1189826,1,0.7537999,0
MHIST_den.png,0,1.8405361,1,0.86301214,0
MHIST_der.png,0,-3.546825,0,0.028008884,1
MHIST_dev.png,0,-1.5143279,0,0.18029828,1
MHIST_dfc.png,0,1.4058399,1,0.80310893,0
MHIST_dfe.png,1,2.4031417,1,0.9170666,1
MHIST_dfi.png,0,-1.6000515,0,0.1679744,1
MHIST_dfl.png,0,3.5840507,1,0.97298694,0
MHIST_dfm.png,0,-1.8292911,0,0.13832274,1
MHIST_dfn.png,1,3.7968519,1,0.9780513,1
MHIST_dfr.png,0,4.172112,1,0.9848145,0
MHIST_dfv.png,0,2.3390043,1,0.9120562,0
MHIST_dfy.png,0,0.04538337,1,0.5113439,0
MHIST_dfz.png,0,3.324344,1,0.9652546,0
MHIST_dgk.png,0,0.14675075,1,0.536622,0
MHIST_dgp.png,0,-2.6850922,0,0.063858785,1
MHIST_dgr.png,0,0.88601637,1,0.7080674,0
MHIST_dgu.png,1,-0.31135955,0,0.4227829,0
MHIST_dgz.png,0,-2.3255785,0,0.08902661,1
MHIST_dha.png,0,-5.224206,0,0.0053557954,1
MHIST_dhf.png,0,-0.19092041,0,0.45241433,1
MHIST_dhg.png,0,2.8419313,1,0.94490016,0
MHIST_dhl.png,0,-1.2310237,0,0.22600234,1
MHIST_dhw.png,0,-0.91762114,0,0.28544283,1
MHIST_dhz.png,1,0.03517995,1,0.50879407,1
MHIST_dic.png,0,2.544891,1,0.9272296,0
MHIST_did.png,0,2.627096,1,0.93258524,0
MHIST_dij.png,0,-4.0924973,0,0.016423255,1
MHIST_diq.png,0,2.0949895,1,0.8904152,0
MHIST_dir.png,0,-2.5395412,0,0.07313226,1
MHIST_dix.png,1,0.32455674,1,0.5804344,1
MHIST_dja.png,0,-1.0112298,0,0.26673925,1
MHIST_djc.png,0,1.1885917,1,0.766489,0
MHIST_dje.png,1,-0.98446196,0,0.27200732,0
MHIST_djh.png,1,5.092397,1,0.99389416,1
MHIST_dji.png,0,1.1360657,1,0.7569566,0
MHIST_djp.png,0,-4.3373413,0,0.01290258,1
MHIST_djt.png,0,0.31417742,1,0.57790464,0
MHIST_dkh.png,0,0.28339288,1,0.5703778,0
MHIST_dkl.png,0,0.017011084,1,0.5042527,0
MHIST_dko.png,0,3.6262465,1,0.9740742,0
MHIST_dlg.png,0,1.6772044,1,0.842534,0
MHIST_dln.png,0,0.17834637,1,0.5444688,0
MHIST_dlq.png,0,-5.009073,0,0.0066328035,1
MHIST_dmf.png,0,-4.761121,0,0.00848343,1
MHIST_dmh.png,0,-2.6371262,0,0.06678692,1
MHIST_dmo.png,0,-6.0191855,0,0.0024257507,1
MHIST_dmr.png,0,4.1565156,1,0.98457944,0
MHIST_dmx.png,0,-6.052015,0,0.0023475918,1
MHIST_dnc.png,0,-1.0609303,0,0.25713173,1
MHIST_dnf.png,0,0.72796273,1,0.674358,0
MHIST_dng.png,0,1.5124602,1,0.8194255,0
MHIST_dnj.png,1,1.720202,1,0.8481549,1
MHIST_dnq.png,0,0.345543,1,0.58553636,0
MHIST_dnr.png,0,0.517685,1,0.6266063,0
MHIST_dns.png,0,-1.6856761,0,0.15634532,1
MHIST_dod.png,0,-2.6562173,0,0.06560683,1
MHIST_doi.png,0,-0.41036275,0,0.39882514,1
MHIST_doo.png,0,-1.3364844,0,0.20808879,1
MHIST_dou.png,0,-5.048906,0,0.006375443,1
MHIST_dov.png,0,-5.9916167,0,0.0024933873,1
MHIST_dow.png,0,-1.4024644,0,0.19742534,1
MHIST_doz.png,0,-0.31129128,0,0.42279962,1
MHIST_dpa.png,0,1.9245294,1,0.8726427,0
MHIST_dpc.png,0,-1.0971107,0,0.25028166,1
MHIST_dpd.png,0,-2.067276,0,0.112318344,1
MHIST_dpg.png,1,-0.8171955,0,0.30635932,0
MHIST_dpi.png,0,1.0034194,1,0.73173034,0
MHIST_dpx.png,0,-4.8514256,0,0.0077565894,1
MHIST_dpy.png,1,5.9201174,1,0.9973224,1
MHIST_dqk.png,0,1.9551423,1,0.87600625,0
MHIST_dqn.png,0,1.0579579,1,0.7423001,0
MHIST_dqv.png,0,-1.4298923,0,0.19311546,1
MHIST_dqy.png,1,1.9529632,1,0.8757694,1
MHIST_drl.png,0,0.5149286,1,0.6259611,0
MHIST_drm.png,0,1.611821,1,0.83366406,0
MHIST_drp.png,0,-1.0992587,0,0.24987882,1
MHIST_drq.png,0,0.5582611,1,0.6360501,0
MHIST_drs.png,1,-1.6460545,0,0.16164291,0
MHIST_dru.png,0,2.687658,1,0.9362944,0
MHIST_dsb.png,0,-0.4275941,0,0.394701,1
MHIST_dsg.png,0,4.6053452,1,0.9901008,0
MHIST_dss.png,0,-0.30173317,0,0.42513385,1
MHIST_dta.png,0,-0.9688386,0,0.27511206,1
MHIST_dtc.png,0,-1.0430037,0,0.26057085,1
MHIST_dtj.png,0,1.718762,1,0.84796935,0
MHIST_dtm.png,0,0.11444525,1,0.5285801,0
MHIST_dto.png,0,1.3046217,1,0.78661174,0
MHIST_dtz.png,0,-3.1132958,0,0.042562135,1
MHIST_dub.png,0,0.5332513,1,0.6302411,0
MHIST_dug.png,0,-0.50567025,0,0.37620905,1
MHIST_duh.png,0,0.33668128,1,0.58338416,0
MHIST_dul.png,0,-0.118548505,0,0.47039756,1
MHIST_dum.png,0,1.5452616,1,0.8242283,0
MHIST_dun.png,0,-2.1742074,0,0.102090694,1
MHIST_dur.png,0,-7.698104,0,0.00045348084,1
MHIST_dus.png,0,-0.8883267,0,0.29145527,1
MHIST_dut.png,0,-4.45522,0,0.011484339,1
MHIST_duv.png,0,3.0955193,1,0.95670754,0
MHIST_dux.png,0,-7.8710175,0,0.00038150026,1
MHIST_duy.png,1,0.59825057,1,0.645256,1
MHIST_dvd.png,0,3.7199762,1,0.97633886,0
MHIST_dve.png,0,2.7747633,1,0.94129676,0
MHIST_dvi.png,0,-3.101898,0,0.043029033,1
MHIST_dvl.png,0,2.7562044,1,0.9402628,0
MHIST_dvq.png,0,-4.2285604,0,0.014364024,1
MHIST_dvs.png,0,-1.172754,0,0.23635757,1
MHIST_dvt.png,0,-0.78839827,0,0.3125127,1
MHIST_dvv.png,0,-2.3616397,0,0.08614501,1
MHIST_dwf.png,1,3.126177,1,0.9579597,1
MHIST_dwg.png,0,-2.8694441,0,0.053684883,1
MHIST_dwh.png,0,1.5917948,1,0.8308685,0
MHIST_dwn.png,0,-1.4587342,0,0.18866101,1
MHIST_dwt.png,0,-4.546093,0,0.0104972115,1
MHIST_dxc.png,1,2.3828914,1,0.91551334,1
MHIST_dxi.png,0,-2.2729242,0,0.09339033,1
MHIST_dxt.png,1,0.5929631,1,0.64404476,1
MHIST_dxu.png,0,-3.3337398,0,0.03443168,1
MHIST_dxv.png,0,-1.4729699,0,0.18649162,1
MHIST_dyd.png,0,0.03149677,1,0.50787354,0
MHIST_dye.png,0,-1.5986781,0,0.16816644,1
MHIST_dyk.png,0,-2.5577614,0,0.07190679,1
MHIST_dyn.png,0,-5.97911,0,0.0025246884,1
MHIST_dyo.png,0,-3.0170667,0,0.046660785,1
MHIST_dyp.png,0,-2.733622,0,0.061018296,1
MHIST_dyv.png,0,-4.1666036,0,0.015268104,1
MHIST_dza.png,0,-3.9170895,0,0.019510685,1
MHIST_dzc.png,0,1.0974652,1,0.7497849,0
MHIST_dzd.png,0,-1.8312787,0,0.13808602,1
MHIST_dze.png,0,-2.835846,0,0.055417586,1
MHIST_dzl.png,0,-5.736716,0,0.0032149744,1
MHIST_dzm.png,0,0.8968348,1,0.7102986,0
MHIST_dzq.png,0,-6.770701,0,0.0011455767,1
MHIST_dzs.png,0,0.8161921,1,0.69342744,0
MHIST_dzu.png,0,0.00874237,1,0.5021856,0
MHIST_dzw.png,0,-1.0113608,0,0.26671362,1
MHIST_dzx.png,0,0.32235143,1,0.5798972,0
MHIST_eac.png,0,-2.357048,0,0.08650719,1
MHIST_eaf.png,0,0.70083696,1,0.66837335,0
MHIST_eag.png,0,0.3440422,1,0.58517206,0
MHIST_eah.png,0,0.5443254,1,0.63281804,0
MHIST_eai.png,0,0.008862145,1,0.5022155,0
MHIST_eak.png,0,-5.8954406,0,0.0027444111,1
MHIST_eam.png,0,3.1519086,1,0.9589839,0
MHIST_ebc.png,0,2.1351588,1,0.89427376,0
MHIST_ebh.png,1,0.5427066,1,0.6324418,1
MHIST_ece.png,0,-1.039632,0,0.26122102,1
MHIST_ech.png,0,-1.7157173,0,0.15242362,1
MHIST_eco.png,0,3.4337366,1,0.96874243,0
MHIST_ecr.png,0,-1.2905893,0,0.2157531,1
MHIST_ecx.png,0,-1.312028,0,0.21214767,1
MHIST_ecz.png,0,0.7351196,1,0.67592776,0
MHIST_edd.png,0,-4.0995975,0,0.016308958,1
MHIST_edf.png,1,4.5366435,1,0.9894042,1
MHIST_edg.png,0,-3.6778874,0,0.024653176,1
MHIST_edh.png,0,-0.42777935,0,0.39465672,1
MHIST_edj.png,1,8.99027,1,0.9998754,1
MHIST_edn.png,0,-2.4855607,0,0.076876655,1
MHIST_eds.png,1,4.7327795,1,0.99127483,1
MHIST_efd.png,0,3.4498415,1,0.9692264,0
MHIST_eff.png,0,-4.5990286,0,0.009961378,1
MHIST_efr.png,0,-0.61756176,0,0.35033622,1
MHIST_efs.png,0,-6.6420455,0,0.0013026574,1
MHIST_efv.png,0,-1.8916564,0,0.13105573,1
MHIST_efy.png,0,0.9942785,1,0.7299322,0
MHIST_egb.png,1,1.348447,1,0.7938756,1
MHIST_ege.png,0,-1.8617802,0,0.13449569,1
MHIST_ehb.png,0,0.84178615,1,0.6988413,0
MHIST_ehg.png,0,-1.9571689,0,0.123773776,1
MHIST_ehh.png,0,3.2295463,1,0.9619311,0
MHIST_eho.png,0,2.9335053,1,0.94947815,0
MHIST_ehw.png,0,-4.359713,0,0.012620736,1
MHIST_eib.png,0,0.49820784,1,0.62203807,0
MHIST_eie.png,0,1.3838253,1,0.7996047,0
MHIST_eio.png,0,-7.6412005,0,0.000480021,1
MHIST_eir.png,1,3.585716,1,0.9730306,1
MHIST_ejd.png,0,-2.8259547,0,0.055937644,1
MHIST_ejm.png,0,0.84991986,1,0.7005503,0
MHIST_ejo.png,0,3.099093,1,0.9568553,0
MHIST_ejr.png,0,-4.9363065,0,0.0071298736,1
MHIST_ekc.png,0,0.8166498,1,0.6935247,0
MHIST_ekg.png,1,2.2280934,1,0.9027441,1
MHIST_ekm.png,1,4.073786,1,0.9832718,1
MHIST_ekn.png,0,3.8516192,1,0.9791966,0
MHIST_ela.png,0,-3.892245,0,0.019991677,1
MHIST_ele.png,0,-0.079354785,0,0.48017174,1
MHIST_elh.png,0,-1.0375749,0,0.26161817,1
MHIST_eli.png,0,-1.9928393,0,0.11995681,1
MHIST_elj.png,0,-0.6716727,0,0.33812237,1
MHIST_elk.png,0,-3.1492636,0,0.041120306,1
MHIST_ell.png,0,1.9977901,1,0.88056487,0
MHIST_elo.png,1,1.2129072,1,0.770813,1
MHIST_els.png,0,-0.42681947,0,0.3948861,1
MHIST_elt.png,0,-5.87625,0,0.0027974383,1
MHIST_elu.png,1,-0.77791834,0,0.3147687,0
MHIST_emf.png,1,3.112038,1,0.9573866,1
MHIST_emp.png,0,-0.55681103,0,0.36428565,1
MHIST_emq.png,0,0.72236544,1,0.67312765,0
MHIST_emr.png,0,-5.492073,0,0.004102397,1
MHIST_ena.png,0,-1.103974,0,0.24899602,1
MHIST_enc.png,0,-1.2419226,0,0.22410151,1
MHIST_ene.png,0,-0.085156016,0,0.47872388,1
MHIST_enr.png,1,1.9429417,1,0.874675,1
MHIST_enu.png,1,1.6410152,1,0.837673,1
MHIST_eny.png,0,0.4421455,1,0.60877013,0
MHIST_enz.png,0,2.245633,1,0.9042732,0
MHIST_eoc.png,0,-4.9309344,0,0.0071680024,1
MHIST_eod.png,0,-8.953723,0,0.00012923834,1
MHIST_eol.png,0,-6.5454245,0,0.001434613,1
MHIST_eop.png,0,-2.6067967,0,0.068702266,1
MHIST_eoq.png,0,-4.943146,0,0.0070816167,1
MHIST_epf.png,0,-6.823931,0,0.0010862562,1
MHIST_epj.png,0,-2.5847428,0,0.070126824,1
MHIST_epk.png,0,-0.85029626,0,0.2993707,1
MHIST_epl.png,0,-4.4881015,0,0.01111699,1
MHIST_epo.png,0,-2.8878882,0,0.052755553,1
MHIST_epp.png,0,-0.88997996,0,0.29111397,1
MHIST_eps.png,0,1.0536757,1,0.74148005,0
MHIST_ept.png,0,1.8901216,1,0.8687694,0
MHIST_epx.png,1,-0.8173395,0,0.30632868,0
MHIST_eqc.png,0,0.7968755,1,0.6893057,0
MHIST_eqe.png,0,-2.9354312,0,0.050429605,1
MHIST_eqg.png,0,-1.8369865,0,0.13740808,1
MHIST_eqi.png,0,-8.167018,0,0.00028378272,1
MHIST_eqt.png,0,-0.33283302,0,0.41755146,1
MHIST_equ.png,0,2.8282347,1,0.9441827,0
MHIST_eqv.png,0,-6.5669413,0,0.0014041174,1
MHIST_erd.png,1,-1.6262935,0,0.16433872,0
MHIST_anc.png,1,2.1844108,1,0.8988408,1
MHIST_aoo.png,1,1.0908102,1,0.74853426,1
MHIST_apm.png,1,-1.5202894,0,0.1794189,0
MHIST_auu.png,1,0.9787071,1,0.7268516,1
MHIST_aux.png,0,-2.4017837,0,0.08303678,1
MHIST_bxi.png,1,1.6297362,1,0.8361335,1
MHIST_cox.png,1,3.0407436,1,0.9543812,1
MHIST_dey.png,0,-0.18259841,0,0.45447683,1
MHIST_djd.png,1,3.9660053,1,0.98140335,1
MHIST_duo.png,0,3.3270538,1,0.9653454,0
MHIST_ahq.png,1,1.2677455,1,0.7803565,1
MHIST_ahr.png,1,1.3374293,1,0.79206693,1
MHIST_aki.png,1,-2.8780844,0,0.053247627,0
MHIST_apc.png,1,0.67173773,1,0.6618922,1
MHIST_aqk.png,1,2.4846284,1,0.9230572,1
MHIST_arp.png,1,0.5514875,1,0.63448066,1
MHIST_asd.png,1,2.37669,1,0.9150324,1
MHIST_aye.png,1,-3.3815477,0,0.03287715,0
MHIST_ays.png,1,1.6111512,1,0.83357114,1
MHIST_bav.png,1,0.596933,1,0.6449543,1
MHIST_bec.png,1,3.9186952,1,0.98052007,1
MHIST_bgk.png,1,1.8688376,1,0.8663237,1
MHIST_bho.png,1,0.34763998,1,0.58604515,1
MHIST_bkj.png,1,2.485226,1,0.9230995,1
MHIST_bnc.png,1,-0.22957638,0,0.44285667,0
MHIST_buv.png,1,2.0776262,1,0.8887095,1
MHIST_byb.png,1,-0.63266724,0,0.346906,0
MHIST_byr.png,1,1.4453058,1,0.8092749,1
MHIST_cam.png,0,2.9229126,1,0.9489675,0
MHIST_cla.png,1,0.05755291,1,0.5143842,1
MHIST_cmf.png,1,1.9251957,1,0.8727167,1
MHIST_con.png,1,0.44910276,1,0.6104259,1
MHIST_cpt.png,1,2.6681418,1,0.9351204,1
MHIST_cqq.png,1,0.43512902,1,0.60709774,1
MHIST_crf.png,1,1.8611658,1,0.8654328,1
MHIST_ctc.png,1,4.8631268,1,0.99233294,1
MHIST_cwz.png,1,4.0711813,1,0.98322886,1
MHIST_dfb.png,1,-0.70898736,0,0.32982263,0
MHIST_dme.png,1,0.5405224,1,0.6319339,1
MHIST_doj.png,1,0.81446487,1,0.69306016,1
MHIST_don.png,1,2.4183667,1,0.9182172,1
MHIST_duw.png,1,3.4701636,1,0.9698268,1
MHIST_dxj.png,1,6.8654523,1,0.9989579,1
MHIST_dxo.png,1,3.1532514,1,0.95903665,1
MHIST_eeq.png,1,3.6183152,1,0.97387314,1
MHIST_efh.png,1,0.4451788,1,0.60949236,1
MHIST_egz.png,1,3.7374604,1,0.9767394,1
MHIST_ehd.png,1,0.5611198,1,0.6367116,1
MHIST_ehm.png,1,1.4926361,1,0.8164736,1
MHIST_eiy.png,1,3.3579652,1,0.9663647,1
MHIST_eke.png,1,3.1500225,1,0.9589096,1
MHIST_elb.png,1,3.5501134,1,0.9720805,1
MHIST_emx.png,1,1.4884754,1,0.81584936,1
MHIST_emy.png,1,5.03523,1,0.99353737,1
MHIST_enq.png,1,3.0134835,1,0.95317954,1
MHIST_cpr.png,1,2.8041356,1,0.94289887,1
MHIST_akl.png,1,2.8780122,1,0.9467487,1
MHIST_ano.png,1,2.1590042,1,0.8965072,1
MHIST_ata.png,1,4.1904526,1,0.9850863,1
MHIST_ato.png,1,3.140675,1,0.9585398,1
MHIST_auw.png,1,5.4499865,1,0.99572194,1
MHIST_bpk.png,1,-1.8498533,0,0.13589013,0
MHIST_cpo.png,1,2.7745993,1,0.9412877,1
MHIST_cqr.png,1,3.310693,1,0.9647938,1
MHIST_ddg.png,1,2.5732114,1,0.9291175,1
MHIST_dib.png,1,2.8191988,1,0.9437045,1
MHIST_dio.png,1,1.3325316,1,0.79125905,1
MHIST_dkk.png,1,6.0971446,1,0.9977558,1
MHIST_dop.png,1,4.1351576,1,0.9842518,1
MHIST_dvy.png,1,4.642301,1,0.9904565,1
MHIST_ebu.png,1,3.9566467,1,0.98123187,1
MHIST_ecc.png,1,4.098814,1,0.98367846,1
MHIST_ekh.png,1,2.8215756,1,0.9438306,1
MHIST_enx.png,1,3.5408242,1,0.97182727,1
MHIST_eqj.png,1,4.6266584,1,0.99030745,1
MHIST_agi.png,1,5.6582246,1,0.99652344,1
MHIST_akk.png,1,2.0678005,1,0.88773394,1
MHIST_akn.png,1,3.7539456,1,0.9771111,1
MHIST_akx.png,1,-0.4599181,0,0.38700524,0
MHIST_aky.png,1,2.898853,1,0.9477897,1
MHIST_ale.png,1,6.1668115,1,0.99790645,1
MHIST_amv.png,1,1.726762,1,0.84899783,1
MHIST_anm.png,1,2.8542092,1,0.9455359,1
MHIST_ann.png,1,3.0928516,1,0.9565969,1
MHIST_ans.png,1,2.5785549,1,0.9294686,1
MHIST_anw.png,1,4.5472445,1,0.9895147,1
MHIST_apu.png,1,3.4806547,1,0.9701323,1
MHIST_aqr.png,1,2.4102328,1,0.91760427,1
MHIST_aqv.png,1,1.2099344,1,0.77028733,1
MHIST_ash.png,1,3.181319,1,0.9601252,1
MHIST_auh.png,1,1.379143,1,0.79885334,1
MHIST_avp.png,1,3.0219939,1,0.9535579,1
MHIST_axb.png,1,4.403714,1,0.987916,1
MHIST_axg.png,1,4.11047,1,0.98386455,1
MHIST_ayq.png,1,1.8660878,1,0.86600494,1
MHIST_aze.png,1,3.8151803,1,0.9784413,1
MHIST_azn.png,1,8.253216,1,0.9997396,1
MHIST_azo.png,1,2.282994,1,0.9074588,1
MHIST_bal.png,1,1.2569829,1,0.77850634,1
MHIST_bbe.png,1,1.9417484,1,0.87454414,1
MHIST_bbs.png,1,3.841788,1,0.9789955,1
MHIST_bcc.png,1,3.3275797,1,0.9653629,1
MHIST_bdv.png,1,5.2935977,1,0.9950015,1
MHIST_ber.png,1,3.7470565,1,0.9769564,1
MHIST_bfo.png,1,4.8368278,1,0.9921302,1
MHIST_bhq.png,1,5.200184,1,0.9945147,1
MHIST_bhv.png,1,3.6264365,1,0.97407895,1
MHIST_bhy.png,1,1.2930009,1,0.7846547,1
MHIST_bip.png,1,3.4817402,1,0.9701637,1
MHIST_bjd.png,1,2.9042375,1,0.94805557,1
MHIST_bjr.png,1,5.939031,1,0.9973724,1
MHIST_bjx.png,1,4.0808525,1,0.9833876,1
MHIST_bkk.png,1,0.37005284,1,0.59147173,1
MHIST_bkv.png,1,3.9757388,1,0.9815802,1
MHIST_bmn.png,1,6.581758,1,0.99861646,1
MHIST_bnd.png,1,0.634751,1,0.65356594,1
MHIST_boa.png,1,6.3954225,1,0.99833363,1
MHIST_bot.png,1,3.6569092,1,0.97483736,1
MHIST_bov.png,1,3.5509872,1,0.9721042,1
MHIST_bqc.png,1,3.4842513,1,0.9702363,1
MHIST_bqg.png,1,1.2447144,1,0.7763835,1
MHIST_bqr.png,1,4.615913,1,0.99020374,1
MHIST_ces.png,1,4.654207,1,0.99056834,1
MHIST_ceu.png,1,-0.043524645,0,0.4891206,0
MHIST_cgo.png,1,-1.0063292,0,0.26769885,0
MHIST_cmh.png,1,3.4761517,1,0.9700015,1
MHIST_cns.png,1,2.823617,1,0.94393873,1
MHIST_cqu.png,1,4.7406697,1,0.9913428,1
MHIST_csh.png,1,3.0853045,1,0.95628244,1
MHIST_cti.png,1,4.9681344,1,0.99309194,1
MHIST_dxl.png,1,2.9249094,1,0.94906414,1
MHIST_che.png,1,2.1828444,1,0.8986983,1
MHIST_chr.png,1,7.479586,1,0.99943584,1
MHIST_cdf.png,1,1.9567293,1,0.87617856,1
MHIST_cqp.png,1,2.5384324,1,0.92679256,1
MHIST_eda.png,1,3.8156276,1,0.97845066,1
MHIST_bvu.png,1,5.3097234,1,0.99508107,1
MHIST_csn.png,1,3.7686467,1,0.9774375,1
MHIST_ajn.png,1,7.0551453,1,0.99913776,1
MHIST_cgk.png,1,2.2748713,1,0.9067744,1
MHIST_dlj.png,1,2.1611772,1,0.89670867,1
MHIST_dax.png,1,3.7736526,1,0.97754765,1
MHIST_dcg.png,1,1.6762371,1,0.8424056,1
MHIST_cev.png,1,4.9039245,1,0.99263716,1
MHIST_eha.png,1,1.9825836,1,0.8789563,1
MHIST_dtx.png,1,2.5824115,1,0.92972106,1
MHIST_dbf.png,1,3.699094,1,0.97585166,1
MHIST_ehs.png,1,5.911321,1,0.9972988,1
MHIST_cpd.png,1,3.3774002,1,0.96699077,1
MHIST_ais.png,1,0.47883457,1,0.61747265,1
MHIST_cps.png,1,5.849377,1,0.99712664,1
MHIST_dnd.png,1,0.01762513,1,0.50440615,1
MHIST_ckn.png,1,1.6113994,1,0.8336056,1
MHIST_dob.png,1,2.615608,1,0.9318593,1
MHIST_dws.png,1,3.8835504,1,0.97983724,1
MHIST_csj.png,1,3.2398198,1,0.96230555,1
MHIST_bty.png,1,4.047813,1,0.98283917,1
MHIST_bxz.png,1,0.74693674,1,0.6785109,1
MHIST_ekj.png,1,6.879745,1,0.99897265,1
MHIST_egi.png,1,0.9733707,1,0.72579086,1
MHIST_efz.png,1,0.38860574,1,0.595947,1
MHIST_bwc.png,1,4.765116,1,0.9915501,1
MHIST_bvp.png,1,2.4244049,1,0.91866946,1
MHIST_dva.png,1,3.910865,1,0.9803698,1
MHIST_chv.png,1,4.682589,1,0.9908298,1
MHIST_eao.png,1,1.4773772,1,0.81417614,1
MHIST_env.png,1,3.120156,1,0.9577166,1
MHIST_cyn.png,1,3.933666,1,0.9808039,1
MHIST_ddb.png,1,1.4947402,1,0.81678873,1
MHIST_dhc.png,1,3.0400581,1,0.95435137,1
MHIST_cnr.png,1,3.0227869,1,0.953593,1
MHIST_bsy.png,1,0.29893246,1,0.5741815,1
MHIST_cza.png,1,3.1120102,1,0.9573854,1
MHIST_abe.png,1,1.9022002,1,0.8701404,1
MHIST_cbg.png,1,4.4809318,1,0.9888039,1
MHIST_cvq.png,1,-0.6294741,0,0.34762976,0
MHIST_dsl.png,1,3.0070689,1,0.9528925,1
MHIST_dqs.png,1,2.6869159,1,0.9362501,1
MHIST_czr.png,1,2.519617,1,0.92550564,1
MHIST_cze.png,1,2.2077496,1,0.9009433,1
MHIST_aaz.png,1,2.367018,1,0.91427743,1
MHIST_elx.png,1,4.409821,1,0.9879887,1
MHIST_cvp.png,1,3.036304,1,0.9541875,1
MHIST_cbb.png,1,1.1862402,1,0.7660679,1
MHIST_dgj.png,1,3.0775228,1,0.95595604,1
MHIST_abb.png,1,5.22926,1,0.99467105,1
MHIST_end.png,1,2.5463119,1,0.9273253,1
MHIST_eow.png,1,3.5298922,1,0.97152644,1
MHIST_cxx.png,1,3.1831524,1,0.9601953,1
MHIST_cyk.png,1,5.3148885,1,0.9951062,1
MHIST_dsy.png,1,1.4475384,1,0.8096193,1
MHIST_cce.png,1,0.11326588,1,0.5282862,1
MHIST_ccr.png,1,4.141728,1,0.98435336,1
MHIST_diz.png,1,3.3049295,1,0.9645975,1
MHIST_cbl.png,1,2.1466985,1,0.8953599,1
MHIST_ebk.png,1,2.995609,1,0.95237535,1
MHIST_eap.png,1,3.979201,1,0.98164266,1
MHIST_ems.png,1,3.6608362,1,0.97493345,1
MHIST_coj.png,1,3.6225295,1,0.97398007,1
MHIST_djb.png,1,3.748926,1,0.9769985,1
MHIST_cbx.png,1,2.3536966,1,0.91322756,1
MHIST_cwn.png,1,0.0838959,1,0.52096164,1
MHIST_cuq.png,1,5.593051,1,0.9962902,1
MHIST_ecl.png,1,0.9881601,1,0.7287243,1
MHIST_djg.png,1,6.5601206,1,0.9985863,1
MHIST_dhx.png,1,2.619684,1,0.9321177,1
MHIST_aad.png,1,1.1005473,1,0.75036263,1
MHIST_ebl.png,1,1.9674408,1,0.877336,1
MHIST_emu.png,1,2.912606,1,0.9484661,1
MHIST_cuu.png,1,2.9512289,1,0.95032156,1
MHIST_cag.png,1,0.13040668,1,0.5325556,1
MHIST_dfp.png,1,3.1417422,1,0.95858216,1
MHIST_enl.png,1,2.2760963,1,0.90687793,1
MHIST_bgs.png,1,2.7189686,1,0.9381367,1
MHIST_enm.png,1,5.471561,1,0.99581295,1
MHIST_brr.png,1,3.2883399,1,0.96402663,1
MHIST_drc.png,1,5.952982,1,0.9974087,1
MHIST_azl.png,1,3.8282063,1,0.9787144,1
MHIST_dmq.png,1,3.6586635,1,0.9748803,1
MHIST_arw.png,1,7.673836,1,0.99953544,1
MHIST_edi.png,1,1.1830103,1,0.7654886,1
MHIST_efw.png,1,4.274821,1,0.9862764,1
MHIST_blr.png,1,2.7651665,1,0.9407642,1
MHIST_ble.png,1,3.6798198,1,0.97539324,1
MHIST_dvz.png,1,4.0044346,1,0.98209196,1
MHIST_cgu.png,1,3.0827117,1,0.95617396,1
MHIST_cgb.png,1,2.7492564,1,0.9398713,1
MHIST_dlt.png,1,1.827067,1,0.861412,1
MHIST_cje.png,1,1.3118038,1,0.7878148,1
MHIST_cgw.png,1,2.2008677,1,0.9003274,1
MHIST_aff.png,1,3.4448621,1,0.9690776,1
MHIST_agb.png,1,1.2366778,1,0.7749852,1
MHIST_agu.png,1,-1.2296655,0,0.22623996,0
MHIST_bta.png,1,4.1190104,1,0.98399955,1
MHIST_bur.png,1,3.6037247,1,0.97349924,1
MHIST_egf.png,1,3.1690855,1,0.9596542,1
MHIST_eey.png,1,0.055886246,1,0.51396793,1
MHIST_bbl.png,1,6.690411,1,0.9987588,1
MHIST_eeo.png,1,2.7344248,1,0.9390276,1
MHIST_bxc.png,1,1.6754595,1,0.8423024,1
MHIST_adx.png,1,3.585662,1,0.97302926,1
MHIST_dtq.png,1,1.3368437,1,0.79197043,1
MHIST_csd.png,1,2.8499641,1,0.9453168,1
MHIST_cei.png,1,2.7649207,1,0.9407505,1
MHIST_cjq.png,1,5.929269,1,0.99734664,1
MHIST_arf.png,1,1.5634961,1,0.82685447,1
MHIST_asb.png,1,4.470329,1,0.98868597,1
MHIST_cez.png,1,2.272673,1,0.9065884,1
MHIST_dac.png,1,2.7582583,1,0.94037807,1
MHIST_csw.png,1,4.69723,1,0.99096197,1
MHIST_akd.png,1,1.8219714,1,0.8608025,1
MHIST_bae.png,1,0.5994136,1,0.6455221,1
MHIST_ehz.png,1,3.7335498,1,0.9766505,1
MHIST_bxf.png,1,1.3801333,1,0.79901236,1
MHIST_btr.png,1,4.2581477,1,0.98604894,1
MHIST_cre.png,1,2.1028767,1,0.8911825,1
MHIST_dab.png,1,2.005884,1,0.8814135,1
MHIST_cgs.png,1,1.4991282,1,0.8174444,1
MHIST_cel.png,1,3.2438064,1,0.96244997,1
MHIST_dlp.png,1,1.8768014,1,0.86724323,1
MHIST_aqi.png,1,-0.48098472,0,0.38201964,0
MHIST_ajc.png,1,2.973266,1,0.95135164,1
MHIST_agd.png,1,1.8762332,1,0.8671779,1
MHIST_eqz.png,1,4.235839,1,0.98573864,1
MHIST_edm.png,1,3.2529848,1,0.96278024,1
MHIST_blw.png,1,-1.2863224,0,0.21647593,0
MHIST_cfc.png,1,4.280223,1,0.98634934,1
MHIST_cgp.png,1,1.3768041,1,0.79847723,1
